Nome,Nota,Total de Avalia√ß√µes,Total de Coment√°rios,Desenvolvedor,Vers√£o Atual,Lan√ßamento,Data Ultima Atualiza√ß√£o,Hospedagem,Downloads Totais,Coment√°rios
Atrio Active,2.7076924,65,50,Multilaser Mobile,1.1.1,11 de ago. de 2015,"August 11, 2015",Brasil,10.000+,"[{'Comentario': 'No meu rel√≥gio s√≥ funcionou o app de nome sw atrio', 'Nota': 5, 'Data': datetime.datetime(2021, 5, 17, 21, 6, 46)}, {'Comentario': 'Rapaz vcs deveriam esta preso com tantas mentiras nada funciona direito', 'Nota': 1, 'Data': datetime.datetime(2020, 7, 10, 12, 28, 50)}, {'Comentario': 'Lixo', 'Nota': 1, 'Data': datetime.datetime(2020, 6, 1, 13, 1, 25)}, {'Comentario': 'Horr√≠vel', 'Nota': 1, 'Data': datetime.datetime(2020, 2, 29, 23, 41, 17)}, {'Comentario': 'Legal', 'Nota': 5, 'Data': datetime.datetime(2020, 2, 1, 23, 53, 49)}, {'Comentario': 'N√£o tive problemas em sincronizar meu ES103, pode ser algo dificil se tentar parear diretamente pelo bluetooth, mas se seguir os passos descritos no manual funciona perfeitamente.', 'Nota': 4, 'Data': datetime.datetime(2020, 1, 20, 11, 46, 37)}, {'Comentario': 'Vale nada...n√£o parea', 'Nota': 1, 'Data': datetime.datetime(2019, 12, 22, 12, 22, 13)}, {'Comentario': 'Pior compra d√≥ ano, p√©ssimo vou ver se consigo devolver o lojista, nada funciona nada, n√£o consigo acertar hor√°rio ,o monitoramento card√≠aco √© inst√°vel ,os dados n√£o √© confi√°vel neste ponto sistema complicado, n√£o compre o √°trio, vou comprar o mi Band 4', 'Nota': 1, 'Data': datetime.datetime(2019, 9, 14, 23, 49, 19)}, {'Comentario': 'instalei o App e n√£o estou conseguindo parear meu atrio com meu smartphone asus, conforme pede a multilaser o meu localizador esta ligado e mesmo assim n√£o estou conseguindo fazer o pareamento, por favor se algu√©m puder me ajudar eu agrade√ßo', 'Nota': 1, 'Data': datetime.datetime(2019, 3, 12, 9, 19, 30)}, {'Comentario': 'no meu motoz play, tava tudo funcionando at√© a √∫ltima atualiza√ß√£o, agora, estou com problema, resolva por favor, n√£o me decepcione, j√° tentei de tudo...', 'Nota': 1, 'Data': datetime.datetime(2019, 3, 1, 23, 21, 56)}]"
Atrio Active Plus +,2.0754716,53,34,Multilaser Mobile,1.0.4,15 de dez. de 2016,"December 15, 2016",Brasil,5.000+,"[{'Comentario': 'No meu atrio s√≥ funcionou o app de nome sw atrio', 'Nota': 5, 'Data': datetime.datetime(2021, 5, 17, 21, 5, 45)}, {'Comentario': 'Pior que n√£o consigo conectar e nem ajustar a hora. Poderia pelo menos vir com a hora certa para servir para ver a hora.', 'Nota': 1, 'Data': datetime.datetime(2020, 12, 5, 11, 44, 51)}, {'Comentario': 'Se eu tivesse lido os coment√°rios aqui antes de comprar, n√£o teria gasto 200 reais atoa. Pulseira n√£o funciona, n√£o atualiza a hora, n√£o conecta em nenhum app, e a loja t√° pouco se fudendo... Realmente √© aquela, o barato (nem t√£o barato assim) que sai caro.', 'Nota': 1, 'Data': datetime.datetime(2020, 11, 8, 21, 47, 22)}, {'Comentario': 'At√© agora nada....Bluetooth travou!!! Cad√™ o bot√£o reset? Minha pulseira foi devolvida. Responder quase 3 anos depois √© um erro de canal de comunica√ß√£o.', 'Nota': 1, 'Data': datetime.datetime(2020, 11, 1, 20, 55, 16)}, {'Comentario': 'A onde eu poder denuciar eu vou fazer porq vcs est√£o enganando as pessoas', 'Nota': 1, 'Data': datetime.datetime(2020, 7, 10, 12, 38, 22)}, {'Comentario': 'Razo√°vel', 'Nota': 2, 'Data': datetime.datetime(2020, 6, 14, 11, 12, 5)}, {'Comentario': 'Eu gostei do rel√≥gio n√£o foi dif√≠cil parear,agora vamos ver se vai funcionar ben', 'Nota': 5, 'Data': datetime.datetime(2020, 1, 25, 9, 11, 8)}, {'Comentario': 'Rel√≥gio n√£o vale nada, imposs√≠vel parear, j√° tentei em diversos celulares, j√° usei todos aplicativos dispon√≠veis e n√£o funciona...duvido a loja aceitar de volta, vou amargar 200 reais de preju√≠zo...lament√°vel...', 'Nota': 1, 'Data': datetime.datetime(2019, 12, 22, 12, 14, 20)}, {'Comentario': 'Pior compra d√≥ ano, p√©ssimo vou ver se consigo devolver o lojista, nada funciona nada, n√£o consigo acertar hor√°rio data,o monitoramento card√≠aco √© inst√°vel salta muito os dados n√£o √© confi√°vel sistema complicado, n√£o compre o √°trio, vou comprar o mi Band 4', 'Nota': 1, 'Data': datetime.datetime(2019, 9, 14, 23, 51, 12)}, {'Comentario': 'muito ruim!!', 'Nota': 1, 'Data': datetime.datetime(2019, 8, 17, 13, 39, 58)}]"
Atrio Fitness,2.11,155,112,Multilaser Mobile,1.0.1,31 de jul. de 2015,"July 31, 2015",Brasil,10.000+,"[{'Comentario': 'N√£o consigo usar o aplicativo. Meu celular s10 plus n√£o encontra o cinta card√≠aca... j√° reinstalei, reiniciei o celular. S√≥ nesse aplicativo, porque no strava reconhece certinho. Aparece para procurar atualiza√ß√µes mais recente, j√° tentei essa op√ß√£o, tem a outra tamb√©m que tentei dando ok, mas sem sucesso igual...', 'Nota': 1, 'Data': datetime.datetime(2021, 10, 20, 9, 35, 58)}, {'Comentario': 'Celular Samsung note 20 - Aplicativo n√£o encontra os sensores. J√° reinstalei e etc e nada. Prefisam verificar isso.', 'Nota': 1, 'Data': datetime.datetime(2021, 8, 18, 11, 0, 24)}, {'Comentario': 'O app Atrio Fitness √© muito bom, espero que atualizem para que possa ser utilizado em celulares mais modernos. Para o aplicativo se conectar ao celular Moto E5 play, tive que conectar o monitor com a cinta, umedecer a √°rea dos sensores e colocar no corpo. Baixei os app: Atrio Fitness, Wahoo Fitness e Strava, todos se conectaram com o monitor. Farei teste e verificarei qual se adequa mais aos treinos e n√£o trava antes do mesmo terminar.', 'Nota': 3, 'Data': datetime.datetime(2021, 6, 30, 19, 19, 44)}, {'Comentario': 'Cinta n√£o est√° pareando com o celular. O celular fica procurando e n√£o a encontra.', 'Nota': 1, 'Data': datetime.datetime(2021, 6, 17, 11, 26, 45)}, {'Comentario': 'O app n√£o foi atualizado pra acompanhar as novas vers√µes do Android, assim n√£o funciona corretamente, no meu celular antigo conecta, no novo fica s√≥ procurando e n√£o passa disso!', 'Nota': 1, 'Data': datetime.datetime(2021, 6, 4, 22, 36, 48)}, {'Comentario': 'N√£o funciona no Android 11. Decep√ß√£o, desinstalei e devolvi o equipamento cinta card√≠aca da mesma marca.', 'Nota': 1, 'Data': datetime.datetime(2021, 4, 27, 8, 6, 44)}, {'Comentario': 'Boa', 'Nota': 5, 'Data': datetime.datetime(2021, 2, 12, 14, 29, 29)}, {'Comentario': 'Muito pobre de informa√ß√µes e √© muito dif√≠cil a transfer√™ncia de dados', 'Nota': 1, 'Data': datetime.datetime(2021, 1, 27, 20, 30, 5)}, {'Comentario': 'O app n√£o reconhece minha cinta, aparece uma mensagem dizendo que o app foi criado para uma vers√£o mais antiga do Android. N√£o encontrei atualiza√ß√£o, vc consegue me ajudar?', 'Nota': 1, 'Data': datetime.datetime(2021, 1, 15, 10, 49, 30)}, {'Comentario': 'N√£o funciona nos androids mais novos. Minha cinta ir√° para o lixo, assim como esse app.', 'Nota': 1, 'Data': datetime.datetime(2020, 12, 17, 17, 54, 10)}]"
Atrio Smart,1.98,366,261,Multilaser Mobile,1.0.8,10 de jan. de 2018,"September 27, 2019",Brasil,10.000+,"[{'Comentario': 'Estava indo bem at√© desconectar agora n√£o parea mais ,√°trio smart aplicativo p√©ssimo ruim demais ,Multilaser seus produtos n√£o serve ,primeiro produto da Multilaser e o √∫ltimo aplicativo smart quem desenvolveu n√£o entende nada de programa ,nota 0 perdi meu dinheiro .', 'Nota': 1, 'Data': datetime.datetime(2021, 10, 17, 23, 13, 20)}, {'Comentario': 'N√£o sincroniza pede anivers√°rio do usu√°rio no qual j√° foi configurado ....', 'Nota': 1, 'Data': datetime.datetime(2021, 9, 25, 15, 42, 48)}, {'Comentario': 'a localiza√ß√£o precisa estar ligada para parear', 'Nota': 4, 'Data': datetime.datetime(2021, 9, 20, 8, 58, 20)}, {'Comentario': 'S√≥ marca data e hora e parou de contar os passos. Comrpei h√° 2 meses. N√£o sai do zero e eu n√£o sei o que fazer. HELP!!', 'Nota': 1, 'Data': datetime.datetime(2021, 8, 14, 12, 56, 57)}, {'Comentario': 'N pareia com o telefone e √© dif√≠cil de sincronizar', 'Nota': 1, 'Data': datetime.datetime(2021, 8, 6, 16, 23, 28)}, {'Comentario': 'Demorou um pouco mais consegui parear com o rel√≥gio , e ficou sincronizado sem problemas', 'Nota': 5, 'Data': datetime.datetime(2021, 7, 30, 6, 16, 23)}, {'Comentario': 'N√£o sincroniza, perdia sinal com facilidade, agora nem isso. Deixei de comprar um mini band bem baratinho e trm funcionalidade e sincroniza√ß√£o infinitamente superior, e esse Atrio nem pra colocar a hora funciona.', 'Nota': 1, 'Data': datetime.datetime(2021, 7, 6, 15, 47, 14)}, {'Comentario': 'Exelente conssigo sinceonisar com meu relovio normalmenteü§©', 'Nota': 5, 'Data': datetime.datetime(2021, 7, 3, 9, 17, 10)}, {'Comentario': 'P√©ssimo, n√£o se tem controle de praticamente nada, app sem informa√ß√µes e perde pareamento constante. mi Band baratinha da de milh√µes a 0 nessa.', 'Nota': 1, 'Data': datetime.datetime(2021, 6, 10, 9, 42, 3)}, {'Comentario': 'Bom dia Mais uma vez n√£o funciona nada toda hora manda colocar a data de nascimento,pensei que vcs ja tiam resolvido esse problema mais pelo visto vcs n√£o tem interesse de ajustar', 'Nota': 1, 'Data': datetime.datetime(2021, 6, 8, 11, 10, 57)}]"
CareMeTens,1.4571428,35,32,Jumper-Medical,2.0.7,16 de out. de 2017,"December 18, 2020",China,1.000+,"[{'Comentario': 'O app nao funciona.', 'Nota': 1, 'Data': datetime.datetime(2021, 10, 9, 22, 54, 38)}, {'Comentario': 'Nossa estou chateada com esse aplicativo , n√£o consigo nem fazer o cadastro . Muito ruim!', 'Nota': 1, 'Data': datetime.datetime(2021, 10, 8, 21, 28, 4)}, {'Comentario': '21/09/2021 O app perde a conex√£o com o aparelho e n√£o desliga mais, vou pedir a troca. PS: a partir do dia 25/09/2021 o app est√° funcionando bem, n√£o ocorreu mais falhas.', 'Nota': 4, 'Data': datetime.datetime(2021, 9, 29, 0, 20, 57)}, {'Comentario': 'O aplicativo n√£o conecta com o aparelho', 'Nota': 1, 'Data': datetime.datetime(2021, 9, 26, 12, 0, 41)}, {'Comentario': 'Conectou super r√°pido no celular. D√° para ajustar o timer. Excelente!', 'Nota': 5, 'Data': datetime.datetime(2021, 9, 22, 22, 14, 32)}, {'Comentario': 'Aplicativo precisa ser revisto, N consigo nem me registrar que ele fecha', 'Nota': 1, 'Data': datetime.datetime(2021, 9, 21, 22, 15, 36)}, {'Comentario': 'Esse APP n√£o funciona de jeito nenhum, n√£o conecta via Bluetooth nem a cassetada. Mas consegui usar o aparelho sem aplicativo, programando direto no aparelho. Porque esse aplicativo n√£o presta,aparelho √© bom.', 'Nota': 1, 'Data': datetime.datetime(2021, 9, 16, 21, 14, 50)}, {'Comentario': 'N√£o conecta de jeito nenhum ao BT', 'Nota': 1, 'Data': datetime.datetime(2021, 9, 16, 14, 20, 34)}, {'Comentario': 'O app n√£o acha o dispositivo! Incr√≠vel, um app que S√ì TEM reclama√ß√£o, todos falando a mesma coisa e nenhuma provid√™ncia √© tomada? N√£o consegui nem testar meu aparelho!!', 'Nota': 1, 'Data': datetime.datetime(2021, 9, 15, 21, 55, 56)}, {'Comentario': 'Compramos um recentemente e tbm n√£o conecta via bluetooth, pessimo at√© encontramos o dispositivo mas n√£o abre o controle.', 'Nota': 1, 'Data': datetime.datetime(2021, 9, 14, 21, 49, 49)}]"
EvolveBT,0,None,0,Multilaser Mobile,4.41,21 de mai. de 2021,"May 21, 2021",Brasil,10+,"[{'Comentario': 'Muito ruim', 'Nota': 1, 'Data': datetime.datetime(2021, 10, 10, 23, 12, 53)}]"
Controle Evolve TV,3.0833333,12,6,Multilaser Mobile,1.4.9,28 de out. de 2020,"January 15, 2021",Brasil,5.000+,"[{'Comentario': 'N√£o funciona no Evolve GP349 que √© o modelo mais recente de multim√≠dia.', 'Nota': 1, 'Data': datetime.datetime(2021, 10, 16, 12, 27, 4)}, {'Comentario': 'Eu presiso de um controle para convesor Multilaser e nao funcionou', 'Nota': 2, 'Data': datetime.datetime(2021, 10, 7, 16, 20, 3)}, {'Comentario': 'Lixo', 'Nota': 1, 'Data': datetime.datetime(2021, 9, 6, 7, 17, 45)}, {'Comentario': 'Bom', 'Nota': 5, 'Data': datetime.datetime(2021, 7, 18, 23, 7, 33)}, {'Comentario': 'Otimo aplicatevo', 'Nota': 5, 'Data': datetime.datetime(2021, 7, 14, 19, 2, 9)}, {'Comentario': 'Muito bom app', 'Nota': 5, 'Data': datetime.datetime(2021, 6, 12, 16, 34, 25)}]"
Drones ML,2.71,117,77,Zheng Xiang,1.1.1,10 de dez. de 2018,"June 10, 2021",China,10.000+,"[{'Comentario': 'Toda vez que aperto a tecla controles o App minimiza a tela0', 'Nota': 1, 'Data': datetime.datetime(2021, 9, 25, 13, 30, 55)}, {'Comentario': 'App nem se quer conecta com o drone, e pelo que vi n√£o h√° suporte pra corrigir essa falha.', 'Nota': 1, 'Data': datetime.datetime(2021, 9, 24, 10, 36)}, {'Comentario': 'Adorei a nova atualiza√ß√£o agora meu drone fenix gps vai ate 400 a 300 metros adorei o drone e o aplicativo so a camera do drone que da umas travadas mais adorei', 'Nota': 5, 'Data': datetime.datetime(2021, 8, 21, 12, 12, 53)}, {'Comentario': 'Simplesmente o software n√£o funciona ,comprei j√° faz 8 meses o drone f√™nix es204 com GPS e o aplicativo s√≥ fica carregando ,fora que o controle veio com problema e tive que mandar pra assist√™ncia sem nem usar e agora que voltou n√£o funciona esse software que √© o √∫nico que tem pra ele, foi 1300,00 fora nesse drone que t√° in√∫til', 'Nota': 1, 'Data': datetime.datetime(2021, 7, 25, 15, 58, 48)}, {'Comentario': 'N funciona', 'Nota': 1, 'Data': datetime.datetime(2021, 6, 3, 2, 0, 23)}, {'Comentario': 'Cad√™ aplicativo do Eagle?', 'Nota': 1, 'Data': datetime.datetime(2021, 5, 29, 19, 44, 40)}, {'Comentario': 'Muito bom esse epp', 'Nota': 5, 'Data': datetime.datetime(2021, 5, 28, 11, 25, 15)}, {'Comentario': 'Funcionando perfeitamente', 'Nota': 4, 'Data': datetime.datetime(2021, 3, 12, 21, 40, 26)}, {'Comentario': 'App nao se concta mais com a rede fica pedindo para mudar nao vai mais oque fa√ßo?????', 'Nota': 1, 'Data': datetime.datetime(2021, 3, 6, 13, 50, 47)}, {'Comentario': 'O √∫ltimo v√¥o o drone n√£o obedeceu o comando home (retornar ao lugar de origem) e ao inv√©s de pousar, voltar ao lugar de origem, foi em dire√ß√£o oposta e foi perdido. Estou esperando uma explica√ß√£o t√©cnica dos respons√°veis.', 'Nota': 2, 'Data': datetime.datetime(2021, 3, 3, 17, 9)}]"
FitCloud Pro,3.4135945,8645,5374,htang,1.3.5,23 de jan. de 2019,"September 26, 2021",China,1.000.000+,"[{'Comentario': 'Est√° faltando a op√ß√£o treino de for√ßa ou muscula√ß√£o....', 'Nota': 4, 'Data': datetime.datetime(2021, 10, 22, 10, 12, 35)}, {'Comentario': 'Comprei o w66 e no app n√£o aparece configura√ß√£o de display ou watch faces para trocar, o que eu fa√ßo?', 'Nota': 2, 'Data': datetime.datetime(2021, 10, 21, 17, 47, 45)}, {'Comentario': 'Cad√™ atualiza√ß√£o que n√£o tem a anos? Cad√™ Warfaces?', 'Nota': 2, 'Data': datetime.datetime(2021, 10, 20, 22, 5)}, {'Comentario': '√ìtimo', 'Nota': 5, 'Data': datetime.datetime(2021, 10, 19, 22, 53, 22)}, {'Comentario': 'Tem que melhorar e muito.', 'Nota': 1, 'Data': datetime.datetime(2021, 10, 19, 9, 53, 25)}, {'Comentario': 'Tr√™s estrelas pois o produto n√£o eh p√©ssimo, mas longe de ser √≥timo, app muito pouco atualizado, principalmente em watchesfaces. A reclama√ß√£o eh geral, mas pelo jeito os desenvolvedores n√£o est√£o nem a√≠, s√≥ n√£o esque√ßam, tudo o que eh ruim, eh facilmente substitu√≠do.', 'Nota': 3, 'Data': datetime.datetime(2021, 10, 18, 23, 39, 55)}, {'Comentario': 'Gostaria que tivesse a op√ß√£o de muscula√ß√£o nas atividades f√≠sicas...', 'Nota': 3, 'Data': datetime.datetime(2021, 10, 18, 15, 58, 55)}, {'Comentario': 'WatchFaces limitadas, ultrapassadas e com poucas informa√ß√µes. E muito feias. A fila anda. O mundo progride. Voc√™s est√£o parados. Fraquissimo. (Muito ruim)', 'Nota': 1, 'Data': datetime.datetime(2021, 10, 12, 16, 15, 27)}, {'Comentario': 'Precisa atualizar App... Depois da atualizacao do Android fica caindo conex√£o direto e demora pra voltar... Rel√≥gio t√° reiniciando configura√ß√£o de fabrica sozinho', 'Nota': 1, 'Data': datetime.datetime(2021, 10, 11, 11, 25, 29)}, {'Comentario': 'A nova watch face do s√©ries 7 n√£o est√° funcionando corretamente n√£o tem os ponteiros', 'Nota': 2, 'Data': datetime.datetime(2021, 10, 6, 15, 16, 59)}]"
FitDays,4.435466,8873,5851,ICOMON,1.8.9,29 de set. de 2018,"October 22, 2021",China,1.000.000+,"[{'Comentario': 'Excelente!', 'Nota': 5, 'Data': datetime.datetime(2021, 10, 16, 14, 22, 20)}, {'Comentario': 'Parece legal mas s√≥ consigo medir o √∫ltimo usu√°rio cadastrado. N√£o consigo alternar usu√°rios üò´üò´üò´', 'Nota': 2, 'Data': datetime.datetime(2021, 10, 15, 19, 54, 40)}, {'Comentario': 'Liga-se muito bem por bluetooth com a balan√ßa.', 'Nota': 5, 'Data': datetime.datetime(2021, 10, 12, 20, 55, 43)}, {'Comentario': 'Melhor APP tem que ter para usar para todas balan√ßas via wifi de todas marcas e modelos sempre', 'Nota': 5, 'Data': datetime.datetime(2021, 10, 2, 10, 59, 47)}, {'Comentario': '√ìtimo adorei exelente aplicativo', 'Nota': 5, 'Data': datetime.datetime(2021, 9, 22, 14, 6, 19)}, {'Comentario': 'O app n√£o consegue manter a unidade em kg e somente em libras. Isso n√£o estava acontecendo. Voc√™ muda no app para kg e ele volta para libras.', 'Nota': 1, 'Data': datetime.datetime(2021, 9, 22, 10, 10, 20)}, {'Comentario': 'Vi pessoas reclamando que n√£o est√° dando o IMC e demais medi√ß√µes. Certifique que o cabo esteja plut√£o at√© o final em ambas extremidades.... estava com mesmo problema e foi fazer isso que resolveu.', 'Nota': 5, 'Data': datetime.datetime(2021, 9, 22, 6, 29, 8)}, {'Comentario': 'N√£o estou conseguindo dar continuidade na medi√ß√£o do mesmo usu√°rio cadastrado! N√£o d√° para acompanhar a evolu√ß√£o de cada usu√°rio! O que fazer? Balanca: relaxmed RM BD0263A', 'Nota': 3, 'Data': datetime.datetime(2021, 9, 16, 13, 34, 33)}, {'Comentario': 'N√£o compartilha arquivo formato incompat√≠vel..... vers√£o 1.72 funcionava normal', 'Nota': 3, 'Data': datetime.datetime(2021, 9, 15, 14, 36, 30)}, {'Comentario': 'N√£o consigo ver a parte completa, no caso os dados de gordura corporal.', 'Nota': 3, 'Data': datetime.datetime(2021, 9, 14, 18, 43, 42)}]"
GPS Bike,1.41,131,120,chenkun,5.1.6,18 de set. de 2018,"September 9, 2021",China,5.000+,"[{'Comentario': 'Novamente n√£o est√° conectando', 'Nota': 1, 'Data': datetime.datetime(2021, 10, 21, 23, 28, 6)}, {'Comentario': 'NAO CONECTA NEM REZANDO', 'Nota': 1, 'Data': datetime.datetime(2021, 9, 29, 13, 2, 20)}, {'Comentario': 'Muito Ruim üëé', 'Nota': 1, 'Data': datetime.datetime(2021, 9, 24, 15, 45, 7)}, {'Comentario': 'Inclu√≠ram a op√ß√£o de excluir a atividade autom√°tica no dispositivo... Mas ningu√©m testou pelo visto, pq ele primeiro exclu√≠ a atividade para depois tentar sincronizar ü§¶üèª\u200d‚ôÇÔ∏è', 'Nota': 3, 'Data': datetime.datetime(2021, 8, 10, 22, 34, 24)}, {'Comentario': 'Esse aplicativo est√° muito ruim de se conectar com o √°trio, se tenta por diversas vezes e nada. Procurem melhorar isso, poxa isso √© um descaso, se fala tanto que esse app n√£o est√° funcionando e voc√™s n√£o procuram melhor isso!!! üëéüëéüëéüëéüëéüëé üëé', 'Nota': 1, 'Data': datetime.datetime(2021, 8, 4, 9, 33, 10)}, {'Comentario': 'Esse app √© uma carro√ßa, n√£o funciona! Deveria ser retirado da play story, chega a ser rid√≠culo comprar um aparelho caro e n√£o poder us√°-lo da forma que a gente deseja por causa de um app que n√£o funciona.', 'Nota': 1, 'Data': datetime.datetime(2021, 7, 2, 17, 55, 25)}, {'Comentario': 'Normalizou !!!', 'Nota': 5, 'Data': datetime.datetime(2021, 6, 17, 19, 45, 43)}, {'Comentario': 'O app continua n√£o reconhecendo dados do equipamento.', 'Nota': 1, 'Data': datetime.datetime(2021, 6, 17, 8, 27, 45)}, {'Comentario': 'N√£o conecta com bt155', 'Nota': 1, 'Data': datetime.datetime(2021, 6, 16, 5, 19, 54)}, {'Comentario': '15/06/21 infelizmente voltei a tirar estrelas pois continua n√£o reconhecendo dados do gps √°trio titanium bl155 mesmo ap√≥s o sincronismo. 05/06/21 nesta data j√° sincroniza com o √°trio titanium, por√©m n√£o reconheceu as atividades que eu havia realizado; vou mudando as estrelas conforme o APP vai melhorando. Antes uma estrela agora passei pra tr√™s estrelas. Ap√≥s esta data 25/05/21 e ser atualizado n√£o mais sincronizava com o atrio titanium, antes era uma estrela.', 'Nota': 1, 'Data': datetime.datetime(2021, 6, 15, 10, 16, 52)}]"
Groove RC,3,53,30,Multilaser Mobile,1.8,5 de abr. de 2019,"April 5, 2019",Brasil,10.000+,"[{'Comentario': 'Funciona perfeitamente muito top', 'Nota': 5, 'Data': datetime.datetime(2021, 9, 21, 12, 11, 46)}, {'Comentario': 'Funciona bem, mas falta as demais fun√ß√µes do r√°dio (acessar pastas, equalizador, etc) a√≠ fica show.', 'Nota': 3, 'Data': datetime.datetime(2021, 9, 19, 16, 59, 15)}, {'Comentario': 'Muito bom!!!', 'Nota': 5, 'Data': datetime.datetime(2021, 8, 3, 13, 57, 3)}, {'Comentario': 'Bom legal', 'Nota': 4, 'Data': datetime.datetime(2021, 4, 7, 22, 41, 34)}, {'Comentario': 'Muito bom', 'Nota': 5, 'Data': datetime.datetime(2021, 4, 2, 22, 53, 41)}, {'Comentario': 'P√©ssimo, n√£o funciona. Usei o mesmo uma vez e nunca mais pegou, jamais comprarei novamente', 'Nota': 1, 'Data': datetime.datetime(2021, 3, 13, 20, 47, 27)}, {'Comentario': 'Alguem que deu certo ai pode explicar como faz??..baixei aqui e nao funcionou', 'Nota': 1, 'Data': datetime.datetime(2021, 2, 17, 15, 6, 40)}, {'Comentario': 'Muito bom', 'Nota': 5, 'Data': datetime.datetime(2021, 2, 7, 12, 14, 16)}, {'Comentario': 'N√£o funciona', 'Nota': 1, 'Data': datetime.datetime(2020, 12, 4, 13, 2, 34)}, {'Comentario': 'Funciona de boa..estou satisfeito...', 'Nota': 5, 'Data': datetime.datetime(2020, 11, 6, 13, 8, 59)}]"
Hawk Drones,2.1142857,35,31,Multilaser Mobile,1.1.2,7 de mar. de 2019,"February 26, 2020",Brasil,5.000+,"[{'Comentario': 'Horr√≠vel, n√£o sei como √© permitido vender algo que n√£o funciona. Carreguei a bateria em 100% , usei 80% da bateria esperando o GPS reconhecer. Horr√≠vel o aplicativo, o suporte dessa marca. Amanh√£ devolvo o drone na loja. N√£o comprem.', 'Nota': 1, 'Data': datetime.datetime(2021, 9, 15, 22, 17, 3)}, {'Comentario': '√ìtimo', 'Nota': 5, 'Data': datetime.datetime(2021, 8, 6, 16, 34, 43)}, {'Comentario': 'As vezes o drone caiu', 'Nota': 4, 'Data': datetime.datetime(2021, 6, 11, 14, 44, 26)}, {'Comentario': 'N√£o conecta com o drone eagle, s√≥ aparece esse app para o mesmo.', 'Nota': 1, 'Data': datetime.datetime(2021, 6, 8, 7, 52, 29)}, {'Comentario': 'Pessoal, cad√™ o aplicativo do Eagle? S√≥ funciona com este?', 'Nota': 1, 'Data': datetime.datetime(2021, 5, 29, 19, 47, 16)}, {'Comentario': 'Precisa ser atualizado este app pelo desenvolvedor, est√° travando 1 vez por segundo a 0 metros de dist√¢ncia e fica travado por 2 segundos', 'Nota': 1, 'Data': datetime.datetime(2021, 5, 8, 10, 6, 48)}, {'Comentario': 'Interessante', 'Nota': 3, 'Data': datetime.datetime(2021, 5, 7, 11, 34, 16)}, {'Comentario': 'U drone √© privem', 'Nota': 1, 'Data': datetime.datetime(2021, 3, 18, 13, 38, 37)}, {'Comentario': 'O GPS n√£o conecta, 5 dias at√© agora n√£o consegui ligar ele.', 'Nota': 1, 'Data': datetime.datetime(2021, 1, 15, 21, 56, 10)}, {'Comentario': 'Poderia melhorar na quest√£o do GPS no reconhecimento,melhorar na parte de controle dizendo que est√° conectado ou vinculado ao drone, lembrando que o drone e o controle devem ser ligados simultaneamente para que haja conex√£o com o controle, processo complicado na decolagem, interface dif√≠cil de mexer, espero atualiza√ß√£o do aplicativo facilitando esses recusos, e configurar para portugu√™s a decolagem.', 'Nota': 1, 'Data': datetime.datetime(2020, 11, 18, 13, 41, 56)}]"
Multilaser Drones,3.9333334,15,8,Multilaser Mobile,1.1.0,17 de jun. de 2021,"June 17, 2021",Brasil,1.000+,"[{'Comentario': 'N√£o consigo nem ligar isso ...', 'Nota': 1, 'Data': datetime.datetime(2021, 10, 5, 9, 17, 3)}, {'Comentario': 'N√£o estou conseguindo conectar para fazer v√≠deos n√© fotos. Preciso ter um cart√£o de mem√≥ria?', 'Nota': 4, 'Data': datetime.datetime(2021, 9, 11, 19, 21, 53)}, {'Comentario': 'Alguem sabe dizer se da certo no drone fenix ?', 'Nota': 5, 'Data': datetime.datetime(2021, 9, 8, 12, 36, 18)}, {'Comentario': 'Fica travando muito a tela do drone, corre risco de quebrar', 'Nota': 3, 'Data': datetime.datetime(2021, 9, 4, 10, 15, 54)}, {'Comentario': 'Muito bom', 'Nota': 5, 'Data': datetime.datetime(2021, 8, 26, 19, 34, 42)}, {'Comentario': '√ìtimo', 'Nota': 5, 'Data': datetime.datetime(2021, 8, 22, 23, 16, 34)}, {'Comentario': 'Muito bom, maravilhoso kkkkk.', 'Nota': 5, 'Data': datetime.datetime(2021, 7, 15, 20, 34, 8)}, {'Comentario': 'Adorei üíï', 'Nota': 5, 'Data': datetime.datetime(2021, 6, 26, 2, 13, 55)}]"
Multilaser Liv,3.18,130,66,Giga Security,1.0.5,20 de nov. de 2019,"August 31, 2021",Brasil,10.000+,"[{'Comentario': 'O aplicativo √© razo√°vel! Entretanto a fun√ß√£o de detector de movimento n√£o vai direto ao ponto do evento. Um sugest√£o √© a necessidade de um app/software para PC. Facilita pra quem usar mais c√¢mera a monitorar ambientes.', 'Nota': 3, 'Data': datetime.datetime(2021, 10, 21, 9, 36, 16)}, {'Comentario': 'A fun√ß√£o do SE220 porteiro. No app n√£o funciona a grava√ß√£o por detec√ß√£o automaticamente. N√£o gera registros sem gravar manualmente. A detec√ß√£o s√≥ manda uma msg sem v√≠deo, apenas uma foto.', 'Nota': 2, 'Data': datetime.datetime(2021, 10, 18, 23, 16, 19)}, {'Comentario': 'üòâ', 'Nota': 5, 'Data': datetime.datetime(2021, 10, 17, 12, 21, 47)}, {'Comentario': 'Bom', 'Nota': 5, 'Data': datetime.datetime(2021, 10, 9, 14, 9, 41)}, {'Comentario': 'Experi√™ncia horr√≠vel , l√¢mpada n√£o conecta no Google assistente ,suporte p√©ssimo da Multilaser ,n√£o recomendo a ningu√©m', 'Nota': 1, 'Data': datetime.datetime(2021, 10, 8, 9, 20, 51)}, {'Comentario': 'Comprei uma l√¢mpada smart da Multilaser, para usar com google assistente, funcionou direitinho por uma semana, agora n√£o responde mais ao Google, funciona apenas pelo App da Multilaser. Decep√ß√£o total!', 'Nota': 1, 'Data': datetime.datetime(2021, 10, 6, 22, 36, 6)}, {'Comentario': 'N√£o tem como recuperar grava√ß√£o , ou seja, ao posicionar um trecho onde clico em reproduzir e pe√ßo para gravar ou tirar foto ele diz que enviou pra galeria. So que n√£o, nada aparece. N√£o consigo extrair imagem ou trechos da grava√ß√£o de jeiro nenhum. E o mais absurdo, como n√£o existe um app para Windows?', 'Nota': 2, 'Data': datetime.datetime(2021, 10, 5, 14, 15, 36)}, {'Comentario': 'Um √≥timo aplicativo, d√° para melhorar....', 'Nota': 4, 'Data': datetime.datetime(2021, 10, 2, 15, 43, 24)}, {'Comentario': 'A minha c√¢mera SE223 nunca funciona nesse app. 200 reais jogados no lixo. N√£o comprem!', 'Nota': 1, 'Data': datetime.datetime(2021, 9, 27, 0, 30, 18)}, {'Comentario': 'Pucha vida acabei colocando a c√¢mera off line e n√£o estou conseguindo voltar com ela para o online, muito complicado esse App algu√©m pode me ajudar por favor?', 'Nota': 1, 'Data': datetime.datetime(2021, 9, 19, 0, 53, 10)}]"
Pulse Player,2.857143,14,10,Multilaser Mobile,1.0.0.201209,3 de nov. de 2020,"December 18, 2020",Brasil,1.000+,"[{'Comentario': 'N√£o possuem a vers√£o para a sp500 n√£o?', 'Nota': 3, 'Data': datetime.datetime(2021, 9, 22, 19, 45, 46)}, {'Comentario': 'Funciona para SP 355 tentei conectar e n√£o consegui?', 'Nota': 3, 'Data': datetime.datetime(2021, 8, 15, 1, 4, 40)}, {'Comentario': 'Ruim como tudo da Multilaser', 'Nota': 1, 'Data': datetime.datetime(2021, 7, 30, 17, 25, 14)}, {'Comentario': 'Deveria fazer um app para todas as caixinhas de som.', 'Nota': 1, 'Data': datetime.datetime(2021, 6, 6, 19, 25, 18)}, {'Comentario': 'Ele serve para sp360', 'Nota': 5, 'Data': datetime.datetime(2021, 3, 30, 19, 17, 39)}, {'Comentario': 'Boa noite! Esse aplicativo serve pra sp 386?', 'Nota': 3, 'Data': datetime.datetime(2021, 3, 29, 22, 24, 23)}, {'Comentario': 'N√£o conecta', 'Nota': 1, 'Data': datetime.datetime(2021, 3, 19, 17, 57, 48)}, {'Comentario': 'Como que faz para a Pulse SP246?', 'Nota': 1, 'Data': datetime.datetime(2020, 11, 20, 14, 48, 53)}, {'Comentario': 'Tem App pra pulse sp 273', 'Nota': 3, 'Data': datetime.datetime(2020, 11, 12, 21, 58, 54)}, {'Comentario': 'Muito bom parab√©ns. E eu amei o multilaser h.', 'Nota': 5, 'Data': datetime.datetime(2020, 11, 10, 9, 32, 35)}]"
SmartBT iPlug,2.8514853,424,262,"Shenzhen Anghui Electronic Technology Co., Ltd.",2.0.2,2 de jul. de 2019,"April 2, 2021",China,100.000+,"[{'Comentario': 'N√£o conecta de jeito nenhum.', 'Nota': 1, 'Data': datetime.datetime(2021, 10, 22, 10, 43, 52)}, {'Comentario': 'N√£o conecta no som, diz que n√£o tem App no dispositivo j√° estando com aplicativo baixo', 'Nota': 1, 'Data': datetime.datetime(2021, 10, 15, 23, 15, 30)}, {'Comentario': 'N√£o estou conseguindo nem entra fica falando tempo limitado', 'Nota': 1, 'Data': datetime.datetime(2021, 10, 9, 15, 0, 18)}, {'Comentario': 'bom', 'Nota': 5, 'Data': datetime.datetime(2021, 9, 30, 17, 12, 28)}, {'Comentario': 'Uma pena que consegui usar apenas uma vez. Agora o app n√£o abre. Fica dando erro de tempo de conex√£o, j√° desinstalei e instalei de novo, limpei cache e nada. Parecia ser legal.', 'Nota': 1, 'Data': datetime.datetime(2021, 9, 28, 7, 53, 4)}, {'Comentario': 'Muito bom', 'Nota': 4, 'Data': datetime.datetime(2021, 9, 23, 1, 13, 1)}, {'Comentario': 'Muito durante um per√≠odo mas hoje n√£o abre, mas o tempo inspira e desliga automaticamente algu√©m a√≠ da uma ajuda pra n√≥s', 'Nota': 2, 'Data': datetime.datetime(2021, 9, 21, 0, 0, 55)}, {'Comentario': 'P√©ssimo s√≥ funcionou uma vez tento entrar no app e n√£o consigo ...', 'Nota': 1, 'Data': datetime.datetime(2021, 9, 20, 18, 52, 17)}, {'Comentario': 'ABAIXO DE ZEROOOOO', 'Nota': 1, 'Data': datetime.datetime(2021, 9, 19, 20, 27, 28)}, {'Comentario': 'O app parou de funcionar', 'Nota': 1, 'Data': datetime.datetime(2021, 9, 18, 7, 51, 13)}]"
SmartLink,2.8,10,5,"Shenzhen gogosunny electronic technology co.,ltd",1.17.0091,7 de out. de 2019,"August 9, 2021",China,1.000+,"[{'Comentario': 'Funciona muito mal Est√° sempre a parar Uma desilus√£o', 'Nota': 1, 'Data': datetime.datetime(2020, 12, 23, 19, 57, 35)}]"
SW Atrio,2.64,411,297,Multilaser Mobile,V1.0.32,1 de mar. de 2019,"June 10, 2021",Brasil,10.000+,"[{'Comentario': 'Pe√ßo que melhorem o aplicativo, ele tem um erro que mostra no gr√°fico a qualidade de sono leve em azul escuro(gr√°fico semanal e mensal) e qualidade de sono leve em azul claro, e nesse gr√°fico ele est√° ao contr√°rio da descri√ß√£o, al√©m de outros bugs, pe√ßo que avaliem isso, √© um descaso tantas reclama√ß√µes e voc√™ nada fazem... Valorizem quem botou f√© na marca e fa√ßam algo por n√≥s, atualizem o app At√© agora nada fizeram, entrei em contato e. App continua o mesmo abandonado sem atualiza√ß√£o.', 'Nota': 1, 'Data': datetime.datetime(2021, 10, 22, 13, 11, 37)}, {'Comentario': 'Quando comprei o rel√≥gio, funcionava muito bem, mas recentemente ele parou de parear, n√£o d√° as notifica√ß√µes e n√£o atualiza os dados.', 'Nota': 1, 'Data': datetime.datetime(2021, 10, 19, 18, 51, 52)}, {'Comentario': 'Pior rel√≥gio que j√° tive, n√£o dura nem um dia a bateria, n√£o √© resistente a √°gua, ao contr√°rio do que tem na descri√ß√£o de produto e na hora da compra. Pior aquisi√ß√£o que j√° fiz e s√≥ comprei a dois meses.', 'Nota': 1, 'Data': datetime.datetime(2021, 10, 18, 12, 15, 24)}, {'Comentario': 'Rel√≥gio e aplicativo trava o tempo todo. Que arrependimento de ter comprado. Sem contar as atividades que ele n√£o marcou. Hoje ele apagou a tela e nao ascende mais. Vou esperar a bateria acabar e dar outra carga para testar. Ja contatei o vendedor. Nem um m√™s de uso e tantos problemas. Fiz uma atividade e nao sincronizou com Strava. Outra diz que ja foi sincronizado. Os batimentos card√≠acos nao v√£o para o Strava. Pelo pre√ßo ele √© muito amador. Arrependido de ter adquirido este rel√≥gio. P√©ssimo.', 'Nota': 1, 'Data': datetime.datetime(2021, 10, 17, 13, 13, 6)}, {'Comentario': 'O app desconecra a toa. Apesar de estar conectado ele desliga e perde dados', 'Nota': 2, 'Data': datetime.datetime(2021, 10, 16, 8, 11, 29)}, {'Comentario': 'Rel√≥gio √© fraco. N√£o conecta no Strava e h√° dois dias travou e n√£o consigo usar. Nota zero pra esse smartwatch', 'Nota': 1, 'Data': datetime.datetime(2021, 10, 16, 7, 58, 33)}, {'Comentario': 'O APP n√£o funciona bem. Aparece - 1% de bateria sendo que o rel√≥gio carregado tbm n√£o sincroniza a data e hora no relogio contabiliza passos e tudo mais, no APP n√£o. No relogio n√£o atualiza chamadas nem mensagens.', 'Nota': 1, 'Data': datetime.datetime(2021, 10, 14, 17, 59, 21)}, {'Comentario': 'P√©ssimo,n√£o contei as funcionalidades que apresenta no app. Me arrependo muito de ter comprado paguei muito mais do que ele vale. Isso √© oque eu ouvi foi pesquisar e descobri outras fun√ß√µes, mas acho que deveria ter mas funcionalidade', 'Nota': 1, 'Data': datetime.datetime(2021, 10, 13, 19, 33, 36)}, {'Comentario': 'O aplicativo desconecta toda hora, mesmo com o smartphone estando ao lado do rel√≥gio. A caminhada e corrida marca cerca de 40% a menos a dist√¢ncia percorrida.', 'Nota': 1, 'Data': datetime.datetime(2021, 10, 12, 18, 10, 32)}, {'Comentario': 'Meu rel√≥gio parou de monitorar o sono n√£o sei como arrumar', 'Nota': 1, 'Data': datetime.datetime(2021, 10, 12, 10, 7, 52)}]"
VeryFitPro,3.5847168,72873,38227,Smart Wearable Devices,3.3.1,15 de nov. de 2016,"September 14, 2021",China,10.000.000+,"[{'Comentario': 'Esperava mais desse app. Afinal o rel√≥gio n√£o √© nada barato pra ter um App que s√≥ tem deixado a desejar', 'Nota': 1, 'Data': datetime.datetime(2021, 10, 22, 8, 50, 29)}, {'Comentario': 'O aplicativo atende a necessidade do usu√°rio, por√©m ainda n√£o tem muitas op√ß√µes de smartfaces na tela inicial do rel√≥gio... A ser melhorado.', 'Nota': 3, 'Data': datetime.datetime(2021, 10, 16, 13, 28, 16)}, {'Comentario': 'N√£o consigo trocar minha watch face do meu bw16, poderia haver uma atualiza√ß√£o pra obter esse recurso no app, haja vista que no bw11 tem, porque no bw16 n√£o tem?', 'Nota': 1, 'Data': datetime.datetime(2021, 10, 16, 8, 39, 44)}, {'Comentario': 'Ainda em experiencia', 'Nota': 5, 'Data': datetime.datetime(2021, 10, 10, 0, 41, 44)}, {'Comentario': 'Fun√ß√£o muito interessante √© permitir ""calibrar"" o medidor de press√£o para aumentar sua precis√£o. De todos smartwatch\'s que testei tem o medidor de press√£o mais pr√≥ximo dos aparelhos de medi√ß√£o tradicionais. Por√©m apresenta v√°rias pequenas falhas no projeto em rela√ß√£o a intera√ß√£o com redes sociais. Utilizo com o smartwatch Umidifi Ufit. Atende minhas necessidades pela precis√£o das medi√ß√µes e ser bem completo, simples e intuitivo. Atende minhas necessidades!', 'Nota': 5, 'Data': datetime.datetime(2021, 10, 9, 12, 10, 26)}, {'Comentario': 'Ao sincronizar com o Strava, tem fuso hor√°rio que n√£o d√° para corrigir. N√£o sei se √© o app ou o Strava que tem bugüò≠üò≠üò≠ quanto ao rel√≥gio Blulory √© estranho, se n√£o houver movimento do bra√ßo n√£o marca a dist√¢ncia no GPS.', 'Nota': 3, 'Data': datetime.datetime(2021, 10, 4, 12, 13, 59)}, {'Comentario': 'Bom dia SUPORTE: na sincroniza√ß√£o entre o smartwatch e o APP Google Fit existem benef√≠cios positivos no REGISTRO pela transfer√™ncia dos dados: medi√ß√£o da quantidade de passos. Os dados da frequ√™ncia card√≠aca s√£o registrados no APP VeryFit Pro. DIFICULDADE: os dados dos sensores corporais, coletados da frequ√™ncia card√≠aca, ainda n√£o s√£o transferidos, para o Google Fit Como fazer a transfer√™ncia dos dados do APP VeryFit Pro para o Google Fit , por favor?', 'Nota': 4, 'Data': datetime.datetime(2021, 10, 1, 8, 19, 53)}, {'Comentario': 'Funciona', 'Nota': 4, 'Data': datetime.datetime(2021, 9, 30, 13, 22, 23)}, {'Comentario': 'Poderia ter a op√ß√£o de ver as parciais de km por km no aplicativo n√£o s√≥ o pace final.. De resto ajuda bem as expectativas', 'Nota': 3, 'Data': datetime.datetime(2021, 9, 30, 8, 56, 11)}, {'Comentario': 'O app √© muito bom mas tem um problema grave, ao sincronizar as atividades com o strava manda hor√°rio errado com diferen√ßa de 3 horas.', 'Nota': 3, 'Data': datetime.datetime(2021, 9, 29, 18, 57, 26)}]"
X Sport Pro,2.76,254,184,csd001,1.0.8,6 de mai. de 2018,"October 1, 2021",China,10.000+,"[{'Comentario': 'Comprei uma Atrio e o app est√° funcionando normalmente, transferindo fotos e v√≠deos para o celular e tamb√©m gerenciando a c√¢mera. Tudo de forma r√°pida e fluida', 'Nota': 5, 'Data': datetime.datetime(2021, 8, 25, 20, 11, 35)}, {'Comentario': 'Grava mas depois da erro', 'Nota': 1, 'Data': datetime.datetime(2021, 7, 10, 18, 9, 2)}, {'Comentario': 'N√£o funciona! J√° troquei 3x de c√¢mera e n√£o funciona. Coloco c√¢mera no wi-fi. Ligo meu celular no Wi-Fi coloca pra buscar c√¢mera e o app fecha falando que ocorre erro continuamente. A empresa faz um app que n√£o funciona. Que rid√≠culo.', 'Nota': 1, 'Data': datetime.datetime(2021, 3, 2, 18, 31, 40)}, {'Comentario': 'Ultimamente o app est√° desconectado o tempo todo e n√£o consigo baixar os arquivos para o celular, j√° a c√¢mera tem uma filmagem regular mas quando trocamos de tela e voltamos para a tela traseira novamente a imagem fica invertida, no mais ela faz uma filmagem regular, mas creio que o fabricante ir√° melhorar o hardware quanto o software!...', 'Nota': 3, 'Data': datetime.datetime(2021, 2, 21, 10, 13, 43)}, {'Comentario': 'N√£o consigo conectar, moto G7 play, Android 10. A √Åtrio tem suporte para resolver?', 'Nota': 1, 'Data': datetime.datetime(2021, 2, 5, 17, 13, 20)}, {'Comentario': 'N√£o conecta de forma alguma. S√≥ aparece a mensagem ""tempo limite de conex√£o"". Alguma previs√£o pra normalizar? Algu√©m a√≠ conseguiu usar um outro app?', 'Nota': 1, 'Data': datetime.datetime(2021, 2, 4, 14, 55, 54)}, {'Comentario': 'Para conectar a c√¢mera no celular, colocar a c√¢mera em modo Wi-Fi, na sequ√™ncia procura a rede da c√¢mera, conforme mostra no visor, clica na rede e digite a senha. Abre o app e clique em conecta a c√¢mera.', 'Nota': 4, 'Data': datetime.datetime(2021, 2, 3, 13, 58, 17)}, {'Comentario': 'Realmente √© um lixoüò°', 'Nota': 1, 'Data': datetime.datetime(2021, 1, 25, 14, 36, 34)}, {'Comentario': 'N√£o consigo conectar com a c√¢mera, funcionou por uns dias mas depois parou', 'Nota': 1, 'Data': datetime.datetime(2020, 12, 10, 11, 11, 2)}, {'Comentario': 'Lixo de aplicativo, n√£o consegue conectar de jeito nenhum com a c√¢mera', 'Nota': 1, 'Data': datetime.datetime(2020, 2, 11, 19, 51, 39)}]"
XDV,2.4582982,11816,6923,wisdomplus,1.9.22,2 de set. de 2015,"August 9, 2020",China,1.000.000+,"[{'Comentario': 'Legal', 'Nota': 5, 'Data': datetime.datetime(2021, 10, 20, 0, 33, 57)}, {'Comentario': 'Era bom, mas parou de funcionar. N√£o encontra a c√¢mera Atrio', 'Nota': 1, 'Data': datetime.datetime(2021, 10, 10, 12, 50, 1)}, {'Comentario': 'N√£o entendi como funciona', 'Nota': 1, 'Data': datetime.datetime(2021, 10, 9, 13, 35, 39)}, {'Comentario': 'Desliga direto', 'Nota': 1, 'Data': datetime.datetime(2021, 10, 6, 12, 18, 49)}, {'Comentario': 'Dif√≠cil de usar.', 'Nota': 3, 'Data': datetime.datetime(2021, 9, 21, 15, 59, 32)}, {'Comentario': 'N√£o conecta mais com o celular.', 'Nota': 1, 'Data': datetime.datetime(2021, 9, 12, 11, 57, 30)}, {'Comentario': 'Lixo n√£o funciona', 'Nota': 1, 'Data': datetime.datetime(2021, 8, 27, 16, 9, 46)}, {'Comentario': 'N√£o se consegue conectar a rede com o telem√≥vel...decep√ß√£o total', 'Nota': 1, 'Data': datetime.datetime(2021, 8, 5, 13, 3, 44)}, {'Comentario': 'N√£o consigo conectar com o telem√≥vel atrav√©s de Wi-Fi. N√£o tem um tutorial para explicar a utiliza√ß√£o da App. Como superar esta situa√ß√£o?', 'Nota': 1, 'Data': datetime.datetime(2021, 7, 29, 19, 17, 51)}, {'Comentario': 'Excelente!!!', 'Nota': 5, 'Data': datetime.datetime(2021, 6, 22, 20, 58, 26)}]"
EasyCon,Offline,Offline,Offline,Offline,Offline,Offline,Offline,Offline,Offline,Offline
Drone New Shark,2.3333333,6,3,Multilaser Mobile,1.0.0,28 de jan. de 2021,"January 28, 2021",Brasil,500+,"[{'Comentario': 'FUNCIONA GENTE RECOMENDO PELA AVALIA√á√ÉO ACHEI QUE SERIA RUIM POR√âM TESTEI E DEU CERTO', 'Nota': 5, 'Data': datetime.datetime(2021, 10, 15, 18, 36, 38)}, {'Comentario': 'N√£o vale nada s√≥ conecta com 5g n√£o com 4', 'Nota': 1, 'Data': datetime.datetime(2021, 10, 2, 20, 37, 16)}, {'Comentario': 'N√£o funciona, n√£o consegue recomhecer que est√° comectado', 'Nota': 1, 'Data': datetime.datetime(2021, 5, 24, 14, 35, 47)}]"
FalconDrone,0,None,0,Multilaser Mobile,1.0.4,4 de mar. de 2021,"September 4, 2021",Brasil,100+,"[{'Comentario': 'N√£o estou conseguindo conectar ao wireless do drone, abri protocolo na multilaser faz mais de 13 dias e nenhuma resposta at√© o momento.', 'Nota': 2, 'Data': datetime.datetime(2021, 10, 16, 11, 51, 29)}, {'Comentario': 'App nem sempre compat√≠vel com o controle remoto do drone. Trechos do ""Help"" est√£o mal traduzidos e/ou confusos, algo incompreens√≠vel dados o custo e os recursos do drone', 'Nota': 3, 'Data': datetime.datetime(2021, 8, 14, 16, 50, 18)}]"
Giga Admin,3.74,643,347,Giga Security,1.3.5,28 de dez. de 2018,"June 18, 2021",Brasil,100.000+,"[{'Comentario': 'Deveriam deixar o APP aberto o tempo de uso. Ele fecha aos 2 minutos aberto. Tem que ficar abrindo toda hora. (P√©ssimo isso).', 'Nota': 2, 'Data': datetime.datetime(2021, 10, 20, 20, 43, 28)}, {'Comentario': 'Poferia ser melhor', 'Nota': 1, 'Data': datetime.datetime(2021, 10, 20, 19, 2, 16)}, {'Comentario': 'Bom', 'Nota': 3, 'Data': datetime.datetime(2021, 10, 18, 16, 32, 53)}, {'Comentario': '. sistema p√©ssimo pessoal, Srs. ADM. Pagamos pelo produto, precisamos do sistema em funcionamento, n√£o tem condi√ß√µes da forma que est√°.!!! N√£o roda grava√ß√£o, trava muito ultimamente, verifiquem o quanto antes.', 'Nota': 1, 'Data': datetime.datetime(2021, 10, 17, 12, 18, 59)}, {'Comentario': 'Muito Bom mesmo!üòÄ', 'Nota': 5, 'Data': datetime.datetime(2021, 10, 14, 16, 35, 18)}, {'Comentario': 'Tem 3 semanas que o aplicativo parou de funcionar nos celulares...J√° fiz de tud o e nada...', 'Nota': 2, 'Data': datetime.datetime(2021, 10, 14, 0, 45, 12)}, {'Comentario': 'Esta p√©ssimo, n√£o abre fica aparecendo a mensagem ( erro ao tentar estabelecer conex√£o )', 'Nota': 1, 'Data': datetime.datetime(2021, 10, 12, 20, 18, 35)}, {'Comentario': 'Funcional e pr√°tico', 'Nota': 5, 'Data': datetime.datetime(2021, 10, 8, 8, 31, 50)}, {'Comentario': 'O aplicativo podia ser bem melhor, especialmente a vers√£o de computador. Falta simplicidade, o app tem muitas opc√µes de sistemas que n√£o s√£o o seu.', 'Nota': 2, 'Data': datetime.datetime(2021, 10, 7, 19, 6, 57)}, {'Comentario': 'Gosto do servi√ßo muito bom.', 'Nota': 3, 'Data': datetime.datetime(2021, 10, 3, 12, 37, 19)}]"
